patient_id,total_revenue,revenue_percentage
P012,15629.88,9.01
P049,12149.85,7.01
P048,11711.41,6.75
P035,10424.42,6.01
P010,10099.15,5.82
P032,8698.5,5.02
P007,8636.9,4.98
P016,8341.85,4.81
P024,7506.58,4.33
P031,7178.46,4.14
P039,6853.65,3.95
P029,5948,3.43
P045,4982.78,2.87
P005,4944.85,2.85
P013,4914.92,2.83
P038,4846.2,2.79
P003,4704.96,2.71
P009,4201.16,2.42
P001,2960.14,1.71
P036,2930.05,1.69
P028,2406.82,1.39
P023,2406.79,1.39
P046,2360.97,1.36
P047,2286.42,1.32
P042,2212.8,1.28
P019,2189.08,1.26
P050,2153.9,1.24
P018,2057.45,1.19
P037,1998.51,1.15
P008,1733.72,1
P017,1472.17,0.85
P021,980.95,0.57
P026,885.46,0.51
P002,616.15,0.36
