appointment_id,treatment_id,status,treatment_type
A197,T197,No-show,Physiotherapy
A048,T048,Cancelled,Chemotherapy
A188,T188,Cancelled,Chemotherapy
A166,T166,No-show,ECG
A049,T049,No-show,Chemotherapy
A041,T041,No-show,Physiotherapy
A022,T022,No-show,Physiotherapy
A200,T200,Cancelled,X-Ray
A180,T180,Cancelled,Chemotherapy
A095,T095,Cancelled,X-Ray
A175,T175,Cancelled,X-Ray
A144,T144,No-show,Chemotherapy
A176,T176,No-show,MRI
A105,T105,No-show,ECG
A091,T091,Cancelled,X-Ray
A074,T074,No-show,ECG
A171,T171,Cancelled,Chemotherapy
A174,T174,Cancelled,Chemotherapy
A154,T154,No-show,X-Ray
A143,T143,Cancelled,MRI
A140,T140,No-show,Physiotherapy
A122,T122,Cancelled,X-Ray
A079,T079,Cancelled,X-Ray
A069,T069,Cancelled,MRI
A062,T062,No-show,X-Ray
A028,T028,No-show,Chemotherapy
A014,T014,Cancelled,ECG
A124,T124,Cancelled,Chemotherapy
A078,T078,No-show,X-Ray
A164,T164,Cancelled,ECG
A159,T159,No-show,Chemotherapy
A052,T052,No-show,ECG
A008,T008,Cancelled,Physiotherapy
A178,T178,Cancelled,X-Ray
A130,T130,No-show,MRI
A086,T086,Cancelled,Physiotherapy
A193,T193,Cancelled,Physiotherapy
A142,T142,No-show,MRI
A137,T137,No-show,X-Ray
A046,T046,Cancelled,ECG
A132,T132,Cancelled,Physiotherapy
A060,T060,No-show,Physiotherapy
A103,T103,Cancelled,ECG
A033,T033,No-show,Physiotherapy
A198,T198,No-show,ECG
A018,T018,Cancelled,ECG
A011,T011,No-show,MRI
A168,T168,No-show,X-Ray
A119,T119,Cancelled,Chemotherapy
A085,T085,Cancelled,ECG
A108,T108,Cancelled,X-Ray
A061,T061,No-show,X-Ray
A053,T053,Cancelled,Chemotherapy
A155,T155,Cancelled,Physiotherapy
A102,T102,No-show,MRI
A004,T004,Cancelled,MRI
A090,T090,No-show,X-Ray
A087,T087,Cancelled,ECG
A015,T015,No-show,Physiotherapy
A059,T059,Cancelled,ECG
A146,T146,No-show,MRI
A021,T021,No-show,X-Ray
A169,T169,Cancelled,Physiotherapy
A019,T019,Cancelled,X-Ray
A129,T129,Cancelled,X-Ray
A025,T025,No-show,ECG
A165,T165,Cancelled,MRI
A120,T120,No-show,X-Ray
A117,T117,No-show,MRI
A058,T058,No-show,Physiotherapy
A002,T002,No-show,MRI
A066,T066,No-show,ECG
A065,T065,Cancelled,ECG
A036,T036,No-show,X-Ray
A043,T043,No-show,X-Ray
A127,T127,No-show,Physiotherapy
A064,T064,Cancelled,Physiotherapy
A139,T139,No-show,MRI
A113,T113,Cancelled,Chemotherapy
A191,T191,Cancelled,X-Ray
A192,T192,Cancelled,Physiotherapy
A163,T163,No-show,X-Ray
A160,T160,Cancelled,Chemotherapy
A116,T116,No-show,X-Ray
A034,T034,No-show,Physiotherapy
A005,T005,No-show,ECG
A094,T094,Cancelled,X-Ray
A162,T162,No-show,Chemotherapy
A075,T075,Cancelled,Chemotherapy
A177,T177,Cancelled,MRI
A076,T076,Cancelled,Chemotherapy
A196,T196,Cancelled,Chemotherapy
A050,T050,No-show,Chemotherapy
A081,T081,Cancelled,ECG
A026,T026,Cancelled,Chemotherapy
A023,T023,Cancelled,MRI
A112,T112,No-show,MRI
A003,T003,Cancelled,MRI
A138,T138,No-show,X-Ray
A131,T131,No-show,Chemotherapy
A115,T115,No-show,X-Ray
A186,T186,No-show,MRI
A097,T097,No-show,Chemotherapy
