appointment_id,appointment_date,appointment_time,reason_for_visit,status,patient_id,patient_full_name,doctor_id,doctor_full_name,specialization,hospital_branch,treatment_id,treatment_type,description,cost,treatment_date,bill_id,bill_date,amount,payment_method,payment_status
A197,2023-04-01,13:30:00,Emergency,No-show,P001,"David Williams",D005,"Sarah Taylor",Dermatology,"Central Hospital",T197,Physiotherapy,"Standard procedure",975.49,2023-04-01,B197,2023-04-01,975.49,Cash,Pending
A071,2023-01-26,17:00:00,Follow-up,Scheduled,P001,"David Williams",D006,"Alex Davis",Pediatrics,"Central Hospital",T071,ECG,"Advanced protocol",2960.14,2023-01-26,B071,2023-01-26,2960.14,Cash,Paid
A048,2023-01-16,15:45:00,Emergency,Cancelled,P001,"David Williams",D009,"Sarah Smith",Pediatrics,"Central Hospital",T048,Chemotherapy,"Advanced protocol",3249.41,2023-01-16,B048,2023-01-16,3249.41,"Credit Card",Failed
A007,2023-04-09,10:30:00,Consultation,Scheduled,P001,"David Williams",D007,"Robert Davis",Oncology,"Westside Clinic",T007,Chemotherapy,"Advanced protocol",534.03,2023-04-09,B007,2023-04-09,534.03,Cash,Failed
A188,2023-04-12,16:30:00,Follow-up,Cancelled,P002,"Emily Smith",D002,"Jane Davis",Pediatrics,"Eastside Clinic",T188,Chemotherapy,"Advanced protocol",616.15,2023-04-12,B188,2023-04-12,616.15,Cash,Paid
A082,2023-01-20,10:45:00,Follow-up,Scheduled,P002,"Emily Smith",D008,"Linda Brown",Dermatology,"Westside Clinic",T082,X-Ray,"Basic screening",3615.96,2023-01-20,B082,2023-01-20,3615.96,Insurance,Pending
A055,2023-10-06,17:30:00,Checkup,Scheduled,P002,"Emily Smith",D010,"Linda Wilson",Oncology,"Eastside Clinic",T055,Physiotherapy,"Basic screening",1736.63,2023-10-06,B055,2023-10-06,1736.63,Cash,Failed
A070,2023-08-26,17:00:00,Follow-up,Scheduled,P003,"Laura Jones",D003,"Jane Smith",Pediatrics,"Eastside Clinic",T070,MRI,"Basic screening",3231.92,2023-08-26,B070,2023-08-26,3231.92,Cash,Pending
A013,2023-08-16,12:00:00,Emergency,Scheduled,P003,"Laura Jones",D002,"Jane Davis",Pediatrics,"Eastside Clinic",T013,MRI,"Standard procedure",4704.96,2023-08-16,B013,2023-08-16,4704.96,Cash,Paid
A096,2023-07-07,15:00:00,Consultation,Completed,P004,"Michael Johnson",D003,"Jane Smith",Pediatrics,"Eastside Clinic",T096,X-Ray,"Standard procedure",812.41,2023-07-07,B096,2023-07-07,812.41,"Credit Card",Pending
A051,2023-02-04,11:45:00,Checkup,Completed,P004,"Michael Johnson",D006,"Alex Davis",Pediatrics,"Central Hospital",T051,ECG,"Standard procedure",4550.1,2023-02-04,B051,2023-02-04,4550.1,"Credit Card",Failed
A189,2023-10-05,13:30:00,Follow-up,Scheduled,P005,"David Wilson",D010,"Linda Wilson",Oncology,"Eastside Clinic",T189,X-Ray,"Advanced protocol",1108.25,2023-10-05,B189,2023-10-05,1108.25,Insurance,Failed
A166,2023-01-12,14:45:00,Therapy,No-show,P005,"David Wilson",D010,"Linda Wilson",Oncology,"Eastside Clinic",T166,ECG,"Basic screening",4055.14,2023-01-12,B166,2023-01-12,4055.14,Cash,Failed
A152,2023-04-14,8:30:00,Therapy,Completed,P005,"David Wilson",D004,"David Jones",Pediatrics,"Central Hospital",T152,ECG,"Standard procedure",3202.67,2023-04-14,B152,2023-04-14,3202.67,Cash,Failed
A049,2023-04-30,15:30:00,Consultation,No-show,P005,"David Wilson",D010,"Linda Wilson",Oncology,"Eastside Clinic",T049,Chemotherapy,"Standard procedure",2349.63,2023-04-30,B049,2023-04-30,2349.63,"Credit Card",Pending
A041,2023-01-01,14:00:00,Emergency,No-show,P005,"David Wilson",D001,"David Taylor",Dermatology,"Westside Clinic",T041,Physiotherapy,"Basic screening",3349.18,2023-01-01,B041,2023-01-01,3349.18,"Credit Card",Paid
A027,2023-11-14,12:45:00,Therapy,Scheduled,P005,"David Wilson",D005,"Sarah Taylor",Dermatology,"Central Hospital",T027,X-Ray,"Standard procedure",1048.49,2023-11-14,B027,2023-11-14,1048.49,Insurance,Pending
A022,2023-11-14,13:00:00,Consultation,No-show,P005,"David Wilson",D001,"David Taylor",Dermatology,"Westside Clinic",T022,Physiotherapy,"Advanced protocol",1900.88,2023-11-14,B022,2023-11-14,1900.88,"Credit Card",Failed
A010,2023-01-13,15:30:00,Therapy,Completed,P005,"David Wilson",D003,"Jane Smith",Pediatrics,"Eastside Clinic",T010,Physiotherapy,"Standard procedure",1595.67,2023-01-13,B010,2023-01-13,1595.67,Cash,Paid
A200,2023-12-30,10:15:00,Consultation,Cancelled,P007,"Alex Johnson",D005,"Sarah Taylor",Dermatology,"Central Hospital",T200,X-Ray,"Basic screening",3288.15,2023-12-30,B200,2023-12-30,3288.15,Insurance,Paid
A180,2023-01-07,11:00:00,Consultation,Cancelled,P007,"Alex Johnson",D008,"Linda Brown",Dermatology,"Westside Clinic",T180,Chemotherapy,"Advanced protocol",3228.14,2023-01-07,B180,2023-01-07,3228.14,"Credit Card",Paid
A145,2023-11-11,14:45:00,Checkup,Scheduled,P007,"Alex Johnson",D002,"Jane Davis",Pediatrics,"Eastside Clinic",T145,X-Ray,"Advanced protocol",2120.61,2023-11-11,B145,2023-11-11,2120.61,Insurance,Paid
A095,2023-05-09,10:15:00,Therapy,Cancelled,P007,"Alex Johnson",D009,"Sarah Smith",Pediatrics,"Central Hospital",T095,X-Ray,"Advanced protocol",2097.48,2023-05-09,B095,2023-05-09,2097.48,Cash,Failed
A194,2023-04-06,12:45:00,Therapy,Scheduled,P008,"David Davis",D002,"Jane Davis",Pediatrics,"Eastside Clinic",T194,Physiotherapy,"Standard procedure",1903.17,2023-04-06,B194,2023-04-06,1903.17,Cash,Pending
A088,2023-05-02,16:30:00,Checkup,Completed,P008,"David Davis",D005,"Sarah Taylor",Dermatology,"Central Hospital",T088,Physiotherapy,"Advanced protocol",1733.72,2023-05-02,B088,2023-05-02,1733.72,Cash,Paid
A185,2023-03-21,14:00:00,Consultation,Scheduled,P009,"Laura Davis",D009,"Sarah Smith",Pediatrics,"Central Hospital",T185,ECG,"Standard procedure",1158.68,2023-03-21,B185,2023-03-21,1158.68,Cash,Pending
A175,2023-10-22,17:00:00,Consultation,Cancelled,P009,"Laura Davis",D003,"Jane Smith",Pediatrics,"Eastside Clinic",T175,X-Ray,"Basic screening",4201.16,2023-10-22,B175,2023-10-22,4201.16,Cash,Paid
A144,2023-08-16,12:15:00,Checkup,No-show,P009,"Laura Davis",D006,"Alex Davis",Pediatrics,"Central Hospital",T144,Chemotherapy,"Advanced protocol",1684.01,2023-08-16,B144,2023-08-16,1684.01,Insurance,Failed
A107,2023-04-17,13:45:00,Follow-up,Completed,P009,"Laura Davis",D007,"Robert Davis",Oncology,"Westside Clinic",T107,Chemotherapy,"Advanced protocol",3512.69,2023-04-17,B107,2023-04-17,3512.69,"Credit Card",Pending
A176,2023-04-26,9:30:00,Therapy,No-show,P010,"Michael Taylor",D009,"Sarah Smith",Pediatrics,"Central Hospital",T176,MRI,"Advanced protocol",1096.36,2023-04-26,B176,2023-04-26,1096.36,"Credit Card",Paid
A105,2023-08-14,16:00:00,Checkup,No-show,P010,"Michael Taylor",D003,"Jane Smith",Pediatrics,"Eastside Clinic",T105,ECG,"Basic screening",1959.5,2023-08-14,B105,2023-08-14,1959.5,Cash,Pending
A091,2023-06-11,13:15:00,Emergency,Cancelled,P010,"Michael Taylor",D006,"Alex Davis",Pediatrics,"Central Hospital",T091,X-Ray,"Standard procedure",4523.86,2023-06-11,B091,2023-06-11,4523.86,"Credit Card",Paid
A074,2023-07-23,13:30:00,Therapy,No-show,P010,"Michael Taylor",D005,"Sarah Taylor",Dermatology,"Central Hospital",T074,ECG,"Advanced protocol",3175.14,2023-07-23,B074,2023-07-23,3175.14,"Credit Card",Failed
A045,2023-09-28,17:00:00,Emergency,Scheduled,P010,"Michael Taylor",D006,"Alex Davis",Pediatrics,"Central Hospital",T045,Chemotherapy,"Standard procedure",4478.93,2023-09-28,B045,2023-09-28,4478.93,Cash,Paid
A040,2023-03-27,12:30:00,Therapy,Completed,P010,"Michael Taylor",D009,"Sarah Smith",Pediatrics,"Central Hospital",T040,Chemotherapy,"Standard procedure",695.36,2023-03-27,B040,2023-03-27,695.36,Cash,Failed
A171,2023-04-18,16:30:00,Follow-up,Cancelled,P011,"Emily Jones",D002,"Jane Davis",Pediatrics,"Eastside Clinic",T171,Chemotherapy,"Standard procedure",3627.28,2023-04-18,B171,2023-04-18,3627.28,Insurance,Failed
A099,2023-07-04,15:00:00,Checkup,Completed,P011,"Emily Jones",D007,"Robert Davis",Oncology,"Westside Clinic",T099,MRI,"Basic screening",4101.6,2023-07-04,B099,2023-07-04,4101.6,"Credit Card",Pending
A174,2023-10-31,11:15:00,Follow-up,Cancelled,P012,"Laura Davis",D002,"Jane Davis",Pediatrics,"Eastside Clinic",T174,Chemotherapy,"Standard procedure",3384.37,2023-10-31,B174,2023-10-31,3384.37,Cash,Paid
A154,2023-03-06,17:30:00,Emergency,No-show,P012,"Laura Davis",D006,"Alex Davis",Pediatrics,"Central Hospital",T154,X-Ray,"Basic screening",4637.26,2023-03-06,B154,2023-03-06,4637.26,Cash,Failed
A143,2023-09-21,12:15:00,Checkup,Cancelled,P012,"Laura Davis",D007,"Robert Davis",Oncology,"Westside Clinic",T143,MRI,"Standard procedure",1864.08,2023-09-21,B143,2023-09-21,1864.08,Insurance,Failed
A140,2023-02-05,15:15:00,Checkup,No-show,P012,"Laura Davis",D005,"Sarah Taylor",Dermatology,"Central Hospital",T140,Physiotherapy,"Standard procedure",4019.13,2023-02-05,B140,2023-02-05,4019.13,Cash,Pending
A122,2023-07-11,14:30:00,Therapy,Cancelled,P012,"Laura Davis",D008,"Linda Brown",Dermatology,"Westside Clinic",T122,X-Ray,"Standard procedure",3902.73,2023-07-11,B122,2023-07-11,3902.73,Insurance,Failed
A079,2023-12-26,14:00:00,Follow-up,Cancelled,P012,"Laura Davis",D002,"Jane Davis",Pediatrics,"Eastside Clinic",T079,X-Ray,"Basic screening",2319.43,2023-12-26,B079,2023-12-26,2319.43,Insurance,Paid
A069,2023-03-29,15:30:00,Therapy,Cancelled,P012,"Laura Davis",D004,"David Jones",Pediatrics,"Central Hospital",T069,MRI,"Basic screening",3388.87,2023-03-29,B069,2023-03-29,3388.87,"Credit Card",Paid
A062,2023-06-14,15:15:00,Checkup,No-show,P012,"Laura Davis",D009,"Sarah Smith",Pediatrics,"Central Hospital",T062,X-Ray,"Standard procedure",3139.74,2023-06-14,B062,2023-06-14,3139.74,Cash,Paid
A028,2023-10-29,15:30:00,Checkup,No-show,P012,"Laura Davis",D006,"Alex Davis",Pediatrics,"Central Hospital",T028,Chemotherapy,"Standard procedure",1315.17,2023-10-29,B028,2023-10-29,1315.17,"Credit Card",Paid
A014,2023-05-25,10:30:00,Emergency,Cancelled,P012,"Laura Davis",D010,"Linda Wilson",Oncology,"Eastside Clinic",T014,ECG,"Basic screening",2082.3,2023-05-25,B014,2023-05-25,2082.3,"Credit Card",Paid
A182,2023-04-12,8:00:00,Follow-up,Completed,P013,"Laura Johnson",D008,"Linda Brown",Dermatology,"Westside Clinic",T182,Physiotherapy,"Advanced protocol",1286.77,2023-04-12,B182,2023-04-12,1286.77,Insurance,Paid
A136,2023-05-13,12:30:00,Follow-up,Completed,P013,"Laura Johnson",D009,"Sarah Smith",Pediatrics,"Central Hospital",T136,Chemotherapy,"Standard procedure",901.06,2023-05-13,B136,2023-05-13,901.06,"Credit Card",Failed
A124,2023-03-16,17:15:00,Emergency,Cancelled,P013,"Laura Johnson",D008,"Linda Brown",Dermatology,"Westside Clinic",T124,Chemotherapy,"Standard procedure",3492.1,2023-03-16,B124,2023-03-16,3492.1,"Credit Card",Pending
A078,2023-09-17,11:15:00,Consultation,No-show,P013,"Laura Johnson",D008,"Linda Brown",Dermatology,"Westside Clinic",T078,X-Ray,"Basic screening",3628.15,2023-09-17,B078,2023-09-17,3628.15,"Credit Card",Paid
A164,2023-07-28,17:15:00,Therapy,Cancelled,P014,"Alex Taylor",D008,"Linda Brown",Dermatology,"Westside Clinic",T164,ECG,"Standard procedure",4406.26,2023-07-28,B164,2023-07-28,4406.26,"Credit Card",Failed
A147,2023-11-13,17:30:00,Emergency,Completed,P014,"Alex Taylor",D002,"Jane Davis",Pediatrics,"Eastside Clinic",T147,MRI,"Basic screening",4716.31,2023-11-13,B147,2023-11-13,4716.31,Insurance,Failed
A020,2023-12-05,15:15:00,Consultation,Completed,P014,"Alex Taylor",D003,"Jane Smith",Pediatrics,"Eastside Clinic",T020,Chemotherapy,"Advanced protocol",4113.62,2023-12-05,B020,2023-12-05,4113.62,"Credit Card",Failed
A159,2023-04-08,16:15:00,Emergency,No-show,P016,"Michael Taylor",D003,"Jane Smith",Pediatrics,"Eastside Clinic",T159,Chemotherapy,"Advanced protocol",4687.68,2023-04-08,B159,2023-04-08,4687.68,"Credit Card",Pending
A151,2023-01-28,9:15:00,Therapy,Scheduled,P016,"Michael Taylor",D002,"Jane Davis",Pediatrics,"Eastside Clinic",T151,Chemotherapy,"Standard procedure",2512.41,2023-01-28,B151,2023-01-28,2512.41,Cash,Pending
A054,2023-12-16,11:45:00,Follow-up,Scheduled,P016,"Michael Taylor",D008,"Linda Brown",Dermatology,"Westside Clinic",T054,Physiotherapy,"Standard procedure",4012.36,2023-12-16,B054,2023-12-16,4012.36,Cash,Failed
A052,2023-07-12,9:30:00,Therapy,No-show,P016,"Michael Taylor",D008,"Linda Brown",Dermatology,"Westside Clinic",T052,ECG,"Advanced protocol",2090.4,2023-07-12,B052,2023-07-12,2090.4,Cash,Paid
A029,2023-06-25,14:30:00,Checkup,Completed,P016,"Michael Taylor",D010,"Linda Wilson",Oncology,"Eastside Clinic",T029,MRI,"Basic screening",3565.03,2023-06-25,B029,2023-06-25,3565.03,Insurance,Paid
A016,2023-06-30,11:00:00,Consultation,Scheduled,P016,"Michael Taylor",D008,"Linda Brown",Dermatology,"Westside Clinic",T016,MRI,"Basic screening",2686.42,2023-06-30,B016,2023-06-30,2686.42,Insurance,Paid
A008,2023-05-24,8:45:00,Consultation,Cancelled,P016,"Michael Taylor",D010,"Linda Wilson",Oncology,"Eastside Clinic",T008,Physiotherapy,"Basic screening",3413.64,2023-05-24,B008,2023-05-24,3413.64,Cash,Failed
A199,2023-05-01,12:45:00,Follow-up,Completed,P017,"Jane Jones",D001,"David Taylor",Dermatology,"Westside Clinic",T199,Chemotherapy,"Basic screening",1472.17,2023-05-01,B199,2023-05-01,1472.17,"Credit Card",Paid
A178,2023-01-17,13:15:00,Checkup,Cancelled,P017,"Jane Jones",D007,"Robert Davis",Oncology,"Westside Clinic",T178,X-Ray,"Basic screening",4652.41,2023-01-17,B178,2023-01-17,4652.41,Cash,Pending
A130,2023-02-23,15:00:00,Emergency,No-show,P017,"Jane Jones",D006,"Alex Davis",Pediatrics,"Central Hospital",T130,MRI,"Basic screening",4966.18,2023-02-23,B130,2023-02-23,4966.18,Insurance,Failed
A086,2023-10-29,11:00:00,Consultation,Cancelled,P017,"Jane Jones",D002,"Jane Davis",Pediatrics,"Eastside Clinic",T086,Physiotherapy,"Standard procedure",3759.52,2023-10-29,B086,2023-10-29,3759.52,Cash,Pending
A172,2023-03-09,16:15:00,Checkup,Scheduled,P018,"Laura Wilson",D006,"Alex Davis",Pediatrics,"Central Hospital",T172,X-Ray,"Standard procedure",2057.45,2023-03-09,B172,2023-03-09,2057.45,Cash,Paid
A114,2023-08-08,9:00:00,Therapy,Completed,P018,"Laura Wilson",D001,"David Taylor",Dermatology,"Westside Clinic",T114,Chemotherapy,"Basic screening",3030.34,2023-08-08,B114,2023-08-08,3030.34,Cash,Pending
A193,2023-09-15,8:15:00,Therapy,Cancelled,P019,"Sarah Miller",D005,"Sarah Taylor",Dermatology,"Central Hospital",T193,Physiotherapy,"Advanced protocol",2446.24,2023-09-15,B193,2023-09-15,2446.24,Cash,Failed
A149,2023-07-26,12:30:00,Follow-up,Completed,P019,"Sarah Miller",D002,"Jane Davis",Pediatrics,"Eastside Clinic",T149,Physiotherapy,"Advanced protocol",1874.86,2023-07-26,B149,2023-07-26,1874.86,"Credit Card",Failed
A142,2023-11-01,11:45:00,Therapy,No-show,P019,"Sarah Miller",D003,"Jane Smith",Pediatrics,"Eastside Clinic",T142,MRI,"Advanced protocol",662.72,2023-11-01,B142,2023-11-01,662.72,Insurance,Paid
A137,2023-10-25,10:00:00,Emergency,No-show,P019,"Sarah Miller",D001,"David Taylor",Dermatology,"Westside Clinic",T137,X-Ray,"Standard procedure",3898.72,2023-10-25,B137,2023-10-25,3898.72,"Credit Card",Pending
A046,2023-12-20,13:15:00,Consultation,Cancelled,P019,"Sarah Miller",D003,"Jane Smith",Pediatrics,"Eastside Clinic",T046,ECG,"Advanced protocol",1526.36,2023-12-20,B046,2023-12-20,1526.36,Cash,Paid
A132,2023-07-26,10:45:00,Checkup,Cancelled,P020,"Jane Moore",D002,"Jane Davis",Pediatrics,"Eastside Clinic",T132,Physiotherapy,"Standard procedure",2929.81,2023-07-26,B132,2023-07-26,2929.81,"Credit Card",Failed
A060,2023-11-22,17:15:00,Checkup,No-show,P020,"Jane Moore",D002,"Jane Davis",Pediatrics,"Eastside Clinic",T060,Physiotherapy,"Basic screening",3307.37,2023-11-22,B060,2023-11-22,3307.37,Insurance,Pending
A156,2023-11-22,14:30:00,Therapy,Completed,P021,"Michael Wilson",D008,"Linda Brown",Dermatology,"Westside Clinic",T156,Chemotherapy,"Basic screening",4964.71,2023-11-22,B156,2023-11-22,4964.71,"Credit Card",Failed
A103,2023-01-24,8:30:00,Therapy,Cancelled,P021,"Michael Wilson",D005,"Sarah Taylor",Dermatology,"Central Hospital",T103,ECG,"Basic screening",3428.95,2023-01-24,B103,2023-01-24,3428.95,"Credit Card",Pending
A033,2023-09-23,17:45:00,Therapy,No-show,P021,"Michael Wilson",D005,"Sarah Taylor",Dermatology,"Central Hospital",T033,Physiotherapy,"Standard procedure",980.95,2023-09-23,B033,2023-09-23,980.95,"Credit Card",Paid
A198,2023-05-15,8:30:00,Therapy,No-show,P022,"John Brown",D006,"Alex Davis",Pediatrics,"Central Hospital",T198,ECG,"Basic screening",3383.72,2023-05-15,B198,2023-05-15,3383.72,Cash,Failed
A135,2023-09-09,16:30:00,Therapy,Scheduled,P022,"John Brown",D005,"Sarah Taylor",Dermatology,"Central Hospital",T135,MRI,"Standard procedure",3306.14,2023-09-09,B135,2023-09-09,3306.14,"Credit Card",Pending
A018,2023-11-14,9:45:00,Consultation,Cancelled,P022,"John Brown",D007,"Robert Davis",Oncology,"Westside Clinic",T018,ECG,"Advanced protocol",1781.93,2023-11-14,B018,2023-11-14,1781.93,Insurance,Pending
A011,2023-11-12,16:00:00,Checkup,No-show,P022,"John Brown",D007,"Robert Davis",Oncology,"Westside Clinic",T011,MRI,"Basic screening",4671.66,2023-11-12,B011,2023-11-12,4671.66,Cash,Failed
A168,2023-09-29,10:00:00,Consultation,No-show,P023,"Linda Johnson",D004,"David Jones",Pediatrics,"Central Hospital",T168,X-Ray,"Standard procedure",864.14,2023-09-29,B168,2023-09-29,864.14,"Credit Card",Failed
A158,2023-07-12,12:15:00,Checkup,Completed,P023,"Linda Johnson",D010,"Linda Wilson",Oncology,"Eastside Clinic",T158,Chemotherapy,"Advanced protocol",1438.3,2023-07-12,B158,2023-07-12,1438.3,"Credit Card",Paid
A125,2023-02-18,10:15:00,Checkup,Completed,P023,"Linda Johnson",D007,"Robert Davis",Oncology,"Westside Clinic",T125,Physiotherapy,"Advanced protocol",4079.52,2023-02-18,B125,2023-02-18,4079.52,Insurance,Failed
A119,2023-12-18,13:30:00,Emergency,Cancelled,P023,"Linda Johnson",D004,"David Jones",Pediatrics,"Central Hospital",T119,Chemotherapy,"Basic screening",2911.22,2023-12-18,B119,2023-12-18,2911.22,"Credit Card",Failed
A085,2023-02-18,16:15:00,Follow-up,Cancelled,P023,"Linda Johnson",D001,"David Taylor",Dermatology,"Westside Clinic",T085,ECG,"Advanced protocol",968.49,2023-02-18,B085,2023-02-18,968.49,"Credit Card",Paid
A039,2023-04-17,8:00:00,Follow-up,Scheduled,P023,"Linda Johnson",D002,"Jane Davis",Pediatrics,"Eastside Clinic",T039,Physiotherapy,"Standard procedure",2976.02,2023-04-17,B039,2023-04-17,2976.02,Insurance,Failed
A118,2023-08-09,8:15:00,Consultation,Scheduled,P024,"Sarah Brown",D003,"Jane Smith",Pediatrics,"Eastside Clinic",T118,ECG,"Standard procedure",1404.2,2023-08-09,B118,2023-08-09,1404.2,Insurance,Failed
A108,2023-04-21,15:00:00,Emergency,Cancelled,P024,"Sarah Brown",D005,"Sarah Taylor",Dermatology,"Central Hospital",T108,X-Ray,"Advanced protocol",4973.63,2023-04-21,B108,2023-04-21,4973.63,Cash,Paid
A061,2023-01-15,17:00:00,Therapy,No-show,P024,"Sarah Brown",D005,"Sarah Taylor",Dermatology,"Central Hospital",T061,X-Ray,"Standard procedure",2532.95,2023-01-15,B061,2023-01-15,2532.95,"Credit Card",Paid
A053,2023-02-12,10:30:00,Checkup,Cancelled,P024,"Sarah Brown",D005,"Sarah Taylor",Dermatology,"Central Hospital",T053,Chemotherapy,"Standard procedure",1565.92,2023-02-12,B053,2023-02-12,1565.92,Insurance,Pending
A155,2023-01-03,9:30:00,Consultation,Cancelled,P025,"Robert Wilson",D001,"David Taylor",Dermatology,"Westside Clinic",T155,Physiotherapy,"Standard procedure",2736.34,2023-01-03,B155,2023-01-03,2736.34,Insurance,Failed
A134,2023-10-17,15:15:00,Consultation,Scheduled,P025,"Robert Wilson",D006,"Alex Davis",Pediatrics,"Central Hospital",T134,Physiotherapy,"Standard procedure",2844.31,2023-10-17,B134,2023-10-17,2844.31,Insurance,Failed
A126,2023-11-02,9:45:00,Emergency,Scheduled,P025,"Robert Wilson",D010,"Linda Wilson",Oncology,"Eastside Clinic",T126,ECG,"Advanced protocol",4672.3,2023-11-02,B126,2023-11-02,4672.3,"Credit Card",Pending
A102,2023-10-25,9:00:00,Checkup,No-show,P025,"Robert Wilson",D005,"Sarah Taylor",Dermatology,"Central Hospital",T102,MRI,"Basic screening",4460.36,2023-10-25,B102,2023-10-25,4460.36,"Credit Card",Pending
A004,2023-09-01,9:15:00,Consultation,Cancelled,P025,"Robert Wilson",D006,"Alex Davis",Pediatrics,"Central Hospital",T004,MRI,"Basic screening",4799.86,2023-09-01,B004,2023-09-01,4799.86,Insurance,Failed
A092,2023-01-30,14:15:00,Therapy,Scheduled,P026,"John Taylor",D001,"David Taylor",Dermatology,"Westside Clinic",T092,X-Ray,"Standard procedure",1363.4,2023-01-30,B092,2023-01-30,1363.4,"Credit Card",Failed
A090,2023-06-01,17:30:00,Emergency,No-show,P026,"John Taylor",D009,"Sarah Smith",Pediatrics,"Central Hospital",T090,X-Ray,"Advanced protocol",885.46,2023-06-01,B090,2023-06-01,885.46,Insurance,Paid
A087,2023-10-19,12:15:00,Follow-up,Cancelled,P026,"John Taylor",D001,"David Taylor",Dermatology,"Westside Clinic",T087,ECG,"Advanced protocol",3102.74,2023-10-19,B087,2023-10-19,3102.74,Cash,Pending
A031,2023-04-04,10:30:00,Checkup,Completed,P026,"John Taylor",D006,"Alex Davis",Pediatrics,"Central Hospital",T031,ECG,"Standard procedure",2863.24,2023-04-04,B031,2023-04-04,2863.24,"Credit Card",Pending
A030,2023-08-29,13:15:00,Checkup,Completed,P026,"John Taylor",D005,"Sarah Taylor",Dermatology,"Central Hospital",T030,Chemotherapy,"Standard procedure",1316.47,2023-08-29,B030,2023-08-29,1316.47,"Credit Card",Pending
A015,2023-01-15,17:15:00,Consultation,No-show,P026,"John Taylor",D004,"David Jones",Pediatrics,"Central Hospital",T015,Physiotherapy,"Basic screening",956.39,2023-01-15,B015,2023-01-15,956.39,Insurance,Pending
A187,2023-02-13,12:30:00,Consultation,Scheduled,P027,"Linda Moore",D003,"Jane Smith",Pediatrics,"Eastside Clinic",T187,X-Ray,"Standard procedure",806.78,2023-02-13,B187,2023-02-13,806.78,"Credit Card",Pending
A059,2023-03-09,15:30:00,Therapy,Cancelled,P027,"Linda Moore",D010,"Linda Wilson",Oncology,"Eastside Clinic",T059,ECG,"Standard procedure",929.91,2023-03-09,B059,2023-03-09,929.91,Cash,Pending
A146,2023-01-05,9:30:00,Emergency,No-show,P028,"Alex Moore",D006,"Alex Davis",Pediatrics,"Central Hospital",T146,MRI,"Advanced protocol",894.39,2023-01-05,B146,2023-01-05,894.39,Insurance,Pending
A057,2023-04-15,17:45:00,Emergency,Completed,P028,"Alex Moore",D010,"Linda Wilson",Oncology,"Eastside Clinic",T057,MRI,"Advanced protocol",2406.82,2023-04-15,B057,2023-04-15,2406.82,"Credit Card",Paid
A021,2023-04-24,10:00:00,Therapy,No-show,P028,"Alex Moore",D009,"Sarah Smith",Pediatrics,"Central Hospital",T021,X-Ray,"Advanced protocol",2926.23,2023-04-24,B021,2023-04-24,2926.23,Insurance,Failed
A190,2023-11-16,15:15:00,Checkup,Scheduled,P029,"David Smith",D003,"Jane Smith",Pediatrics,"Eastside Clinic",T190,Chemotherapy,"Advanced protocol",4834.02,2023-11-16,B190,2023-11-16,4834.02,"Credit Card",Paid
A169,2023-07-24,16:45:00,Follow-up,Cancelled,P029,"David Smith",D008,"Linda Brown",Dermatology,"Westside Clinic",T169,Physiotherapy,"Basic screening",2313.41,2023-07-24,B169,2023-07-24,2313.41,"Credit Card",Pending
A100,2023-03-02,8:00:00,Emergency,Scheduled,P029,"David Smith",D006,"Alex Davis",Pediatrics,"Central Hospital",T100,Physiotherapy,"Advanced protocol",1551.7,2023-03-02,B100,2023-03-02,1551.7,"Credit Card",Failed
A089,2023-02-14,11:00:00,Consultation,Completed,P029,"David Smith",D010,"Linda Wilson",Oncology,"Eastside Clinic",T089,Chemotherapy,"Basic screening",857.39,2023-02-14,B089,2023-02-14,857.39,Cash,Pending
A077,2023-12-14,17:15:00,Checkup,Completed,P029,"David Smith",D010,"Linda Wilson",Oncology,"Eastside Clinic",T077,ECG,"Basic screening",1113.98,2023-12-14,B077,2023-12-14,1113.98,"Credit Card",Paid
A019,2023-02-06,15:30:00,Checkup,Cancelled,P029,"David Smith",D001,"David Taylor",Dermatology,"Westside Clinic",T019,X-Ray,"Basic screening",1882.8,2023-02-06,B019,2023-02-06,1882.8,Insurance,Pending
A012,2023-05-07,10:00:00,Follow-up,Completed,P029,"David Smith",D003,"Jane Smith",Pediatrics,"Eastside Clinic",T012,Chemotherapy,"Standard procedure",771.2,2023-05-07,B012,2023-05-07,771.2,Insurance,Pending
A129,2023-08-25,9:30:00,Checkup,Cancelled,P030,"Emily Moore",D006,"Alex Davis",Pediatrics,"Central Hospital",T129,X-Ray,"Advanced protocol",1185.87,2023-08-25,B129,2023-08-25,1185.87,Insurance,Pending
A037,2023-03-28,11:00:00,Consultation,Scheduled,P030,"Emily Moore",D004,"David Jones",Pediatrics,"Central Hospital",T037,Chemotherapy,"Standard procedure",2675.96,2023-03-28,B037,2023-03-28,2675.96,Insurance,Failed
A025,2023-02-25,8:00:00,Follow-up,No-show,P030,"Emily Moore",D001,"David Taylor",Dermatology,"Westside Clinic",T025,ECG,"Advanced protocol",1726.81,2023-02-25,B025,2023-02-25,1726.81,Cash,Failed
A165,2023-04-04,15:30:00,Consultation,Cancelled,P031,"Robert Miller",D001,"David Taylor",Dermatology,"Westside Clinic",T165,MRI,"Advanced protocol",4126.66,2023-04-04,B165,2023-04-04,4126.66,Cash,Failed
A148,2023-12-06,8:30:00,Consultation,Scheduled,P031,"Robert Miller",D002,"Jane Davis",Pediatrics,"Eastside Clinic",T148,Physiotherapy,"Advanced protocol",2992.11,2023-12-06,B148,2023-12-06,2992.11,Cash,Paid
A080,2023-06-26,8:30:00,Consultation,Scheduled,P031,"Robert Miller",D005,"Sarah Taylor",Dermatology,"Central Hospital",T080,Chemotherapy,"Basic screening",2426.9,2023-06-26,B080,2023-06-26,2426.9,"Credit Card",Pending
A044,2023-09-20,12:30:00,Follow-up,Completed,P031,"Robert Miller",D006,"Alex Davis",Pediatrics,"Central Hospital",T044,MRI,"Basic screening",4186.35,2023-09-20,B044,2023-09-20,4186.35,Insurance,Paid
A120,2023-12-08,11:00:00,Therapy,No-show,P032,"Alex Moore",D001,"David Taylor",Dermatology,"Westside Clinic",T120,X-Ray,"Basic screening",935.04,2023-12-08,B120,2023-12-08,935.04,Insurance,Paid
A117,2023-06-20,13:45:00,Consultation,No-show,P032,"Alex Moore",D001,"David Taylor",Dermatology,"Westside Clinic",T117,MRI,"Standard procedure",3605.02,2023-06-20,B117,2023-06-20,3605.02,"Credit Card",Paid
A058,2023-05-09,13:15:00,Consultation,No-show,P032,"Alex Moore",D008,"Linda Brown",Dermatology,"Westside Clinic",T058,Physiotherapy,"Standard procedure",3503.97,2023-05-09,B058,2023-05-09,3503.97,Cash,Failed
A047,2023-05-02,11:00:00,Therapy,Completed,P032,"Alex Moore",D007,"Robert Davis",Oncology,"Westside Clinic",T047,ECG,"Advanced protocol",1454.2,2023-05-02,B047,2023-05-02,1454.2,Insurance,Failed
A002,2023-06-09,14:30:00,Therapy,No-show,P032,"Alex Moore",D004,"David Jones",Pediatrics,"Central Hospital",T002,MRI,"Advanced protocol",4158.44,2023-06-09,B002,2023-06-09,4158.44,Insurance,Paid
A072,2023-06-12,13:30:00,Checkup,Scheduled,P033,"Michael Wilson",D002,"Jane Davis",Pediatrics,"Eastside Clinic",T072,ECG,"Advanced protocol",1543.76,2023-06-12,B072,2023-06-12,1543.76,"Credit Card",Pending
A066,2023-05-10,11:45:00,Consultation,No-show,P033,"Michael Wilson",D009,"Sarah Smith",Pediatrics,"Central Hospital",T066,ECG,"Advanced protocol",1475.33,2023-05-10,B066,2023-05-10,1475.33,"Credit Card",Pending
A065,2023-04-24,15:45:00,Emergency,Cancelled,P033,"Michael Wilson",D001,"David Taylor",Dermatology,"Westside Clinic",T065,ECG,"Advanced protocol",4382.59,2023-04-24,B065,2023-04-24,4382.59,Insurance,Failed
A036,2023-01-08,14:30:00,Checkup,No-show,P033,"Michael Wilson",D003,"Jane Smith",Pediatrics,"Eastside Clinic",T036,X-Ray,"Basic screening",4833.17,2023-01-08,B036,2023-01-08,4833.17,Cash,Pending
A093,2023-04-09,9:30:00,Follow-up,Completed,P034,"Alex Smith",D001,"David Taylor",Dermatology,"Westside Clinic",T093,X-Ray,"Basic screening",1955.17,2023-04-09,B093,2023-04-09,1955.17,"Credit Card",Failed
A043,2023-03-29,9:15:00,Consultation,No-show,P034,"Alex Smith",D005,"Sarah Taylor",Dermatology,"Central Hospital",T043,X-Ray,"Advanced protocol",3207.25,2023-03-29,B043,2023-03-29,3207.25,Insurance,Failed
A001,2023-08-09,15:15:00,Therapy,Scheduled,P034,"Alex Smith",D009,"Sarah Smith",Pediatrics,"Central Hospital",T001,Chemotherapy,"Basic screening",3941.97,2023-08-09,B001,2023-08-09,3941.97,Insurance,Pending
A167,2023-11-15,8:15:00,Follow-up,Scheduled,P035,"David Wilson",D001,"David Taylor",Dermatology,"Westside Clinic",T167,Chemotherapy,"Basic screening",1871.06,2023-11-15,B167,2023-11-15,1871.06,"Credit Card",Pending
A153,2023-07-08,12:45:00,Consultation,Completed,P035,"David Wilson",D009,"Sarah Smith",Pediatrics,"Central Hospital",T153,Physiotherapy,"Basic screening",2820.56,2023-07-08,B153,2023-07-08,2820.56,Cash,Paid
A127,2023-11-13,8:30:00,Checkup,No-show,P035,"David Wilson",D010,"Linda Wilson",Oncology,"Eastside Clinic",T127,Physiotherapy,"Advanced protocol",1555.89,2023-11-13,B127,2023-11-13,1555.89,"Credit Card",Pending
A111,2023-05-22,15:30:00,Follow-up,Scheduled,P035,"David Wilson",D010,"Linda Wilson",Oncology,"Eastside Clinic",T111,MRI,"Advanced protocol",3787.93,2023-05-22,B111,2023-05-22,3787.93,"Credit Card",Paid
A109,2023-07-29,14:00:00,Follow-up,Scheduled,P035,"David Wilson",D005,"Sarah Taylor",Dermatology,"Central Hospital",T109,Chemotherapy,"Advanced protocol",3478.28,2023-07-29,B109,2023-07-29,3478.28,Cash,Pending
A084,2023-05-31,16:00:00,Consultation,Scheduled,P035,"David Wilson",D006,"Alex Davis",Pediatrics,"Central Hospital",T084,ECG,"Basic screening",1077.77,2023-05-31,B084,2023-05-31,1077.77,Insurance,Pending
A064,2023-05-31,8:30:00,Checkup,Cancelled,P035,"David Wilson",D006,"Alex Davis",Pediatrics,"Central Hospital",T064,Physiotherapy,"Basic screening",3815.93,2023-05-31,B064,2023-05-31,3815.93,Cash,Paid
A157,2023-05-12,11:00:00,Follow-up,Completed,P036,"Michael Wilson",D007,"Robert Davis",Oncology,"Westside Clinic",T157,Physiotherapy,"Standard procedure",4331.41,2023-05-12,B157,2023-05-12,4331.41,Insurance,Failed
A139,2023-10-10,10:45:00,Therapy,No-show,P036,"Michael Wilson",D005,"Sarah Taylor",Dermatology,"Central Hospital",T139,MRI,"Basic screening",4217.3,2023-10-10,B139,2023-10-10,4217.3,Insurance,Pending
A113,2023-11-24,15:30:00,Consultation,Cancelled,P036,"Michael Wilson",D003,"Jane Smith",Pediatrics,"Eastside Clinic",T113,Chemotherapy,"Standard procedure",770.64,2023-11-24,B113,2023-11-24,770.64,Insurance,Pending
A104,2023-04-18,8:45:00,Follow-up,Completed,P036,"Michael Wilson",D006,"Alex Davis",Pediatrics,"Central Hospital",T104,ECG,"Advanced protocol",2898.31,2023-04-18,B104,2023-04-18,2898.31,"Credit Card",Failed
A101,2023-09-21,13:15:00,Therapy,Scheduled,P036,"Michael Wilson",D001,"David Taylor",Dermatology,"Westside Clinic",T101,MRI,"Standard procedure",2930.05,2023-09-21,B101,2023-09-21,2930.05,"Credit Card",Paid
A042,2023-03-21,11:15:00,Emergency,Scheduled,P036,"Michael Wilson",D001,"David Taylor",Dermatology,"Westside Clinic",T042,Chemotherapy,"Basic screening",4781.32,2023-03-21,B042,2023-03-21,4781.32,Insurance,Pending
A035,2023-04-18,8:45:00,Follow-up,Scheduled,P036,"Michael Wilson",D003,"Jane Smith",Pediatrics,"Eastside Clinic",T035,MRI,"Standard procedure",1654.53,2023-04-18,B035,2023-04-18,1654.53,Insurance,Failed
A191,2023-04-12,16:00:00,Consultation,Cancelled,P037,"Robert Williams",D003,"Jane Smith",Pediatrics,"Eastside Clinic",T191,X-Ray,"Standard procedure",2972.88,2023-04-12,B191,2023-04-12,2972.88,"Credit Card",Failed
A121,2023-04-07,15:00:00,Checkup,Completed,P037,"Robert Williams",D001,"David Taylor",Dermatology,"Westside Clinic",T121,MRI,"Advanced protocol",2526.67,2023-04-07,B121,2023-04-07,2526.67,"Credit Card",Pending
A106,2023-10-29,11:15:00,Therapy,Scheduled,P037,"Robert Williams",D005,"Sarah Taylor",Dermatology,"Central Hospital",T106,X-Ray,"Advanced protocol",1998.51,2023-10-29,B106,2023-10-29,1998.51,"Credit Card",Paid
A068,2023-03-14,15:00:00,Checkup,Scheduled,P037,"Robert Williams",D005,"Sarah Taylor",Dermatology,"Central Hospital",T068,ECG,"Advanced protocol",606.37,2023-03-14,B068,2023-03-14,606.37,"Credit Card",Failed
A038,2023-02-23,13:00:00,Consultation,Scheduled,P037,"Robert Williams",D009,"Sarah Smith",Pediatrics,"Central Hospital",T038,MRI,"Standard procedure",4126.97,2023-02-23,B038,2023-02-23,4126.97,"Credit Card",Failed
A017,2023-07-11,17:00:00,Emergency,Scheduled,P037,"Robert Williams",D009,"Sarah Smith",Pediatrics,"Central Hospital",T017,MRI,"Basic screening",1655.49,2023-07-11,B017,2023-07-11,1655.49,"Credit Card",Pending
A192,2023-08-31,14:15:00,Consultation,Cancelled,P038,"David Smith",D005,"Sarah Taylor",Dermatology,"Central Hospital",T192,Physiotherapy,"Standard procedure",4846.2,2023-08-31,B192,2023-08-31,4846.2,Insurance,Paid
A179,2023-03-08,12:15:00,Checkup,Completed,P038,"David Smith",D006,"Alex Davis",Pediatrics,"Central Hospital",T179,Physiotherapy,"Basic screening",2691.78,2023-03-08,B179,2023-03-08,2691.78,Cash,Failed
A163,2023-06-27,15:00:00,Therapy,No-show,P039,"Jane Wilson",D010,"Linda Wilson",Oncology,"Eastside Clinic",T163,X-Ray,"Basic screening",4450.88,2023-06-27,B163,2023-06-27,4450.88,Insurance,Pending
A160,2023-12-17,12:45:00,Emergency,Cancelled,P039,"Jane Wilson",D001,"David Taylor",Dermatology,"Westside Clinic",T160,Chemotherapy,"Basic screening",1023.65,2023-12-17,B160,2023-12-17,1023.65,Cash,Paid
A116,2023-07-07,9:15:00,Follow-up,No-show,P039,"Jane Wilson",D009,"Sarah Smith",Pediatrics,"Central Hospital",T116,X-Ray,"Advanced protocol",1288.86,2023-07-07,B116,2023-07-07,1288.86,Cash,Paid
A034,2023-06-13,11:30:00,Consultation,No-show,P039,"Jane Wilson",D004,"David Jones",Pediatrics,"Central Hospital",T034,Physiotherapy,"Basic screening",3052.9,2023-06-13,B034,2023-06-13,3052.9,Cash,Failed
A009,2023-03-05,13:45:00,Follow-up,Scheduled,P039,"Jane Wilson",D010,"Linda Wilson",Oncology,"Eastside Clinic",T009,Physiotherapy,"Standard procedure",4541.14,2023-03-05,B009,2023-03-05,4541.14,"Credit Card",Paid
A183,2023-02-03,16:15:00,Checkup,Completed,P040,"Emily Williams",D004,"David Jones",Pediatrics,"Central Hospital",T183,X-Ray,"Advanced protocol",2761.55,2023-02-03,B183,2023-02-03,2761.55,Cash,Pending
A073,2023-12-24,15:00:00,Follow-up,Completed,P040,"Emily Williams",D003,"Jane Smith",Pediatrics,"Eastside Clinic",T073,Chemotherapy,"Standard procedure",2259.08,2023-12-24,B073,2023-12-24,2259.08,"Credit Card",Failed
A005,2023-07-06,12:45:00,Emergency,No-show,P040,"Emily Williams",D003,"Jane Smith",Pediatrics,"Eastside Clinic",T005,ECG,"Standard procedure",582.05,2023-07-06,B005,2023-07-06,582.05,"Credit Card",Pending
A141,2023-06-15,15:15:00,Checkup,Completed,P041,"Robert Williams",D002,"Jane Davis",Pediatrics,"Eastside Clinic",T141,ECG,"Basic screening",3689.35,2023-06-15,B141,2023-06-15,3689.35,Insurance,Pending
A128,2023-04-15,14:45:00,Follow-up,Completed,P041,"Robert Williams",D002,"Jane Davis",Pediatrics,"Eastside Clinic",T128,MRI,"Advanced protocol",2296.92,2023-04-15,B128,2023-04-15,2296.92,"Credit Card",Pending
A094,2023-04-08,8:45:00,Consultation,Cancelled,P041,"Robert Williams",D002,"Jane Davis",Pediatrics,"Eastside Clinic",T094,X-Ray,"Standard procedure",1519.95,2023-04-08,B094,2023-04-08,1519.95,Cash,Failed
A184,2023-02-26,17:45:00,Therapy,Completed,P042,"Jane Smith",D008,"Linda Brown",Dermatology,"Westside Clinic",T184,Physiotherapy,"Advanced protocol",2293.98,2023-02-26,B184,2023-02-26,2293.98,Insurance,Pending
A162,2023-01-01,17:15:00,Emergency,No-show,P042,"Jane Smith",D004,"David Jones",Pediatrics,"Central Hospital",T162,Chemotherapy,"Standard procedure",2212.8,2023-01-01,B162,2023-01-01,2212.8,Cash,Paid
A170,2023-03-03,9:00:00,Checkup,Scheduled,P043,"Linda Brown",D005,"Sarah Taylor",Dermatology,"Central Hospital",T170,X-Ray,"Standard procedure",1280.86,2023-03-03,B170,2023-03-03,1280.86,Cash,Failed
A075,2023-05-08,14:00:00,Follow-up,Cancelled,P043,"Linda Brown",D009,"Sarah Smith",Pediatrics,"Central Hospital",T075,Chemotherapy,"Standard procedure",2735.45,2023-05-08,B075,2023-05-08,2735.45,Cash,Failed
A067,2023-08-10,11:00:00,Follow-up,Scheduled,P043,"Linda Brown",D001,"David Taylor",Dermatology,"Westside Clinic",T067,Chemotherapy,"Standard procedure",930.72,2023-08-10,B067,2023-08-10,930.72,"Credit Card",Pending
A177,2023-08-16,12:30:00,Therapy,Cancelled,P044,"Robert Taylor",D007,"Robert Davis",Oncology,"Westside Clinic",T177,MRI,"Advanced protocol",4379.07,2023-08-16,B177,2023-08-16,4379.07,Insurance,Pending
A076,2023-11-27,12:00:00,Therapy,Cancelled,P044,"Robert Taylor",D002,"Jane Davis",Pediatrics,"Eastside Clinic",T076,Chemotherapy,"Standard procedure",4945.03,2023-11-27,B076,2023-11-27,4945.03,"Credit Card",Pending
A196,2023-10-26,9:45:00,Checkup,Cancelled,P045,"Linda Miller",D006,"Alex Davis",Pediatrics,"Central Hospital",T196,Chemotherapy,"Advanced protocol",2477.8,2023-10-26,B196,2023-10-26,2477.8,Cash,Pending
A161,2023-06-17,10:45:00,Consultation,Scheduled,P045,"Linda Miller",D005,"Sarah Taylor",Dermatology,"Central Hospital",T161,Chemotherapy,"Standard procedure",4178.52,2023-06-17,B161,2023-06-17,4178.52,Insurance,Paid
A098,2023-03-17,13:00:00,Emergency,Completed,P045,"Linda Miller",D005,"Sarah Taylor",Dermatology,"Central Hospital",T098,ECG,"Advanced protocol",804.26,2023-03-17,B098,2023-03-17,804.26,"Credit Card",Paid
A050,2023-08-16,15:00:00,Consultation,No-show,P045,"Linda Miller",D008,"Linda Brown",Dermatology,"Westside Clinic",T050,Chemotherapy,"Basic screening",4279.38,2023-08-16,B050,2023-08-16,4279.38,Cash,Failed
A006,2023-06-19,16:15:00,Checkup,Scheduled,P045,"Linda Miller",D006,"Alex Davis",Pediatrics,"Central Hospital",T006,Chemotherapy,"Standard procedure",1381,2023-06-19,B006,2023-06-19,1381,Insurance,Pending
A181,2023-09-03,13:15:00,Emergency,Completed,P046,"Michael Taylor",D004,"David Jones",Pediatrics,"Central Hospital",T181,MRI,"Advanced protocol",3941.64,2023-09-03,B181,2023-09-03,3941.64,"Credit Card",Failed
A081,2023-01-06,13:30:00,Therapy,Cancelled,P046,"Michael Taylor",D007,"Robert Davis",Oncology,"Westside Clinic",T081,ECG,"Advanced protocol",3729.19,2023-01-06,B081,2023-01-06,3729.19,Insurance,Pending
A026,2023-03-17,14:15:00,Follow-up,Cancelled,P046,"Michael Taylor",D006,"Alex Davis",Pediatrics,"Central Hospital",T026,Chemotherapy,"Standard procedure",2360.97,2023-03-17,B026,2023-03-17,2360.97,Insurance,Paid
A173,2023-06-04,13:30:00,Checkup,Completed,P047,"Jane Moore",D005,"Sarah Taylor",Dermatology,"Central Hospital",T173,X-Ray,"Standard procedure",4890.25,2023-06-04,B173,2023-06-04,4890.25,Insurance,Pending
A150,2023-08-16,10:45:00,Therapy,Completed,P047,"Jane Moore",D003,"Jane Smith",Pediatrics,"Eastside Clinic",T150,ECG,"Advanced protocol",2286.42,2023-08-16,B150,2023-08-16,2286.42,"Credit Card",Paid
A023,2023-05-09,14:30:00,Follow-up,Cancelled,P047,"Jane Moore",D009,"Sarah Smith",Pediatrics,"Central Hospital",T023,MRI,"Standard procedure",3246.5,2023-05-09,B023,2023-05-09,3246.5,"Credit Card",Pending
A195,2023-08-19,17:15:00,Checkup,Scheduled,P048,"Emily Miller",D010,"Linda Wilson",Oncology,"Eastside Clinic",T195,ECG,"Standard procedure",2777.64,2023-08-19,B195,2023-08-19,2777.64,"Credit Card",Failed
A133,2023-03-23,14:30:00,Checkup,Completed,P048,"Emily Miller",D001,"David Taylor",Dermatology,"Westside Clinic",T133,Physiotherapy,"Standard procedure",4289.15,2023-03-23,B133,2023-03-23,4289.15,Insurance,Paid
A112,2023-01-11,8:00:00,Follow-up,No-show,P048,"Emily Miller",D010,"Linda Wilson",Oncology,"Eastside Clinic",T112,MRI,"Basic screening",2593.43,2023-01-11,B112,2023-01-11,2593.43,Insurance,Pending
A032,2023-11-06,10:45:00,Checkup,Scheduled,P048,"Emily Miller",D005,"Sarah Taylor",Dermatology,"Central Hospital",T032,ECG,"Advanced protocol",3690.71,2023-11-06,B032,2023-11-06,3690.71,Insurance,Paid
A003,2023-06-28,8:00:00,Consultation,Cancelled,P048,"Emily Miller",D004,"David Jones",Pediatrics,"Central Hospital",T003,MRI,"Standard procedure",3731.55,2023-06-28,B003,2023-06-28,3731.55,Insurance,Paid
A138,2023-12-26,15:15:00,Follow-up,No-show,P049,"David Moore",D007,"Robert Davis",Oncology,"Westside Clinic",T138,X-Ray,"Standard procedure",1074.71,2023-12-26,B138,2023-12-26,1074.71,Cash,Paid
A131,2023-05-11,16:30:00,Therapy,No-show,P049,"David Moore",D003,"Jane Smith",Pediatrics,"Eastside Clinic",T131,Chemotherapy,"Standard procedure",4671.5,2023-05-11,B131,2023-05-11,4671.5,"Credit Card",Failed
A123,2023-02-28,10:45:00,Therapy,Completed,P049,"David Moore",D002,"Jane Davis",Pediatrics,"Eastside Clinic",T123,Chemotherapy,"Standard procedure",2064.07,2023-02-28,B123,2023-02-28,2064.07,"Credit Card",Paid
A115,2023-10-25,10:30:00,Therapy,No-show,P049,"David Moore",D005,"Sarah Taylor",Dermatology,"Central Hospital",T115,X-Ray,"Standard procedure",4809.31,2023-10-25,B115,2023-10-25,4809.31,Insurance,Paid
A110,2023-07-19,14:30:00,Consultation,Scheduled,P049,"David Moore",D005,"Sarah Taylor",Dermatology,"Central Hospital",T110,Chemotherapy,"Standard procedure",3010.03,2023-07-19,B110,2023-07-19,3010.03,Cash,Failed
A056,2023-01-02,12:45:00,Checkup,Scheduled,P049,"David Moore",D004,"David Jones",Pediatrics,"Central Hospital",T056,X-Ray,"Basic screening",4201.76,2023-01-02,B056,2023-01-02,4201.76,Insurance,Paid
A024,2023-06-21,8:00:00,Checkup,Completed,P049,"David Moore",D008,"Linda Brown",Dermatology,"Westside Clinic",T024,ECG,"Advanced protocol",3722.68,2023-06-21,B024,2023-06-21,3722.68,Cash,Pending
A186,2023-03-27,17:15:00,Follow-up,No-show,P050,"Laura Wilson",D003,"Jane Smith",Pediatrics,"Eastside Clinic",T186,MRI,"Basic screening",2153.9,2023-03-27,B186,2023-03-27,2153.9,Insurance,Paid
A097,2023-05-06,14:45:00,Follow-up,No-show,P050,"Laura Wilson",D001,"David Taylor",Dermatology,"Westside Clinic",T097,Chemotherapy,"Basic screening",2835.77,2023-05-06,B097,2023-05-06,2835.77,Cash,Failed
A083,2023-11-07,12:30:00,Emergency,Completed,P050,"Laura Wilson",D001,"David Taylor",Dermatology,"Westside Clinic",T083,ECG,"Advanced protocol",4960.65,2023-11-07,B083,2023-11-07,4960.65,"Credit Card",Pending
A063,2023-06-29,9:00:00,Follow-up,Scheduled,P050,"Laura Wilson",D004,"David Jones",Pediatrics,"Central Hospital",T063,MRI,"Standard procedure",1256.06,2023-06-29,B063,2023-06-29,1256.06,Insurance,Failed
